epsilon,status,objective,pg_bus_51
0.1,INFEASIBLE,NaN,NaN
0.2,INFEASIBLE,NaN,NaN
0.3,INFEASIBLE,NaN,NaN
0.4,INFEASIBLE,NaN,NaN
0.5,INFEASIBLE,NaN,NaN
0.6,INFEASIBLE,NaN,NaN
0.7,INFEASIBLE,NaN,NaN
0.8,INFEASIBLE,NaN,NaN
0.9,INFEASIBLE,NaN,NaN
1.0,INFEASIBLE,NaN,NaN
1.1,INFEASIBLE,NaN,NaN
1.2,feasible,232.00000000000003,1.1600000000000001
1.3,feasible,232.00000000000003,1.1600000000000001
1.4,feasible,232.00000000000003,1.1600000000000001
1.5,feasible,232.00000000000003,1.1600000000000001
1.6,feasible,232.00000000000003,1.1600000000000001
1.7,feasible,232.00000000000003,1.1600000000000001
1.8,feasible,232.00000000000003,1.1600000000000001
1.9,feasible,232.00000000000003,1.1600000000000001
2.0,feasible,232.00000000000003,1.1600000000000001
2.1,feasible,232.00000000000003,1.1600000000000001
2.2,feasible,232.00000000000003,1.1600000000000001
2.3,feasible,232.00000000000003,1.1600000000000001
2.4,feasible,232.00000000000003,1.1600000000000001
2.5,feasible,232.00000000000003,1.1600000000000001
2.6,feasible,232.00000000000003,1.1600000000000001
2.7,feasible,232.00000000000003,1.1600000000000001
2.8,feasible,232.00000000000003,1.1600000000000001
2.9,feasible,232.00000000000003,1.1600000000000001
3.0,feasible,232.00000000000003,1.1600000000000001
3.5,feasible,232.00000000000003,1.1600000000000001
4.0,feasible,232.00000000000003,1.1600000000000001
4.5,feasible,232.00000000000003,1.1600000000000001
5.0,feasible,232.00000000000003,1.1600000000000001
6.0,feasible,232.00000000000003,1.1600000000000001
7.0,feasible,232.00000000000003,1.1600000000000001
8.0,feasible,232.00000000000003,1.1600000000000001
9.0,feasible,232.00000000000003,1.1600000000000001
10.0,feasible,232.00000000000003,1.1600000000000001
